Method,Size,Accuracy,CV Time (s)
XGBoost (CV),100,0.8800000000000001,8.055834293365479
XGBoost (CV),1000,0.945,3.6533021926879883
XGBoost (CV),10000,0.9789,4.234882354736328
XGBoost (CV),100000,0.9868600000000001,6.135024547576904
XGBoost (CV),1000000,0.991709,27.04854130744934
XGBoost (CV),10000000,0.9931341999999999,221.38909602165222
